{
  "meta": {
    "created": "2026-02-28T21:24:44.410Z",
    "samples": 5,
    "card_type": "PMJAY",
    "version": "1.0"
  },
  "baseline": {
    "color_distribution": {
      "red_mean": {
        "mean": 204.56448576924362,
        "std": 6.374103610069274,
        "min": 192.05031402592974,
        "max": 209.21742842788885
      },
      "green_mean": {
        "mean": 189.74257265388786,
        "std": 10.410975764291551,
        "min": 176.58255134996352,
        "max": 203.0847934232596
      },
      "blue_mean": {
        "mean": 183.60883651093604,
        "std": 7.304314463842156,
        "min": 174.58538962771806,
        "max": 196.43088448014868
      }
    },
    "texture_variance": {
      "mean": 50.21758709426429,
      "std": 2.3031092337930783,
      "min": 48.335643068877985,
      "max": 54.37752403319441
    },
    "compression_artifacts": {
      "mean": 16.643401385591897,
      "std": 1.6165077017706144,
      "min": 14.117941053205314,
      "max": 18.0249951180218
    },
    "document_straightness": {
      "mean": 0.9569823559923369,
      "std": 0.022991907537645115,
      "min": 0.9220911736403976,
      "max": 0.980548421366221
    },
    "qr_detected": true,
    "qr_confidence": {
      "mean": 0.8974870049994834,
      "std": 0.03648927586884024,
      "min": 0.8658528682549775,
      "max": 0.9646903552558365
    },
    "hologram_brightness_variance": {
      "mean": 49.30392205521897,
      "std": 5.3257578635237,
      "min": 40.27490247372868,
      "max": 54.427192699342704
    },
    "hologram_color_range": {
      "mean": 78.79108203585946,
      "std": 5.978099653689436,
      "min": 69.50388258725195,
      "max": 88.25994109788819
    },
    "font_consistency": {
      "mean": 0.9420046930838254,
      "std": 0.03052553660686431,
      "min": 0.8926897295360078,
      "max": 0.9788823131213188
    },
    "edge_density": {
      "mean": 0.4804764385342197,
      "std": 0.02975657737014539,
      "min": 0.42516818295509784,
      "max": 0.5108771423939178
    },
    "file_size": {
      "mean": 4863615.8,
      "std": 383001.2342749825,
      "min": 4645236,
      "max": 5628667
    },
    "dimensions_ratio": {
      "mean": 1.58,
      "std": 0,
      "min": 1.58,
      "max": 1.58
    }
  },
  "thresholds": {
    "min_match_score": 0.85,
    "genuine_threshold": 0.85,
    "tamper_threshold": 0.5
  },
  "training_data": {
    "sample_count": 5,
    "qr_detection_rate": 1,
    "avg_qr_confidence": 0.8974870049994834,
    "avg_font_consistency": 0.9420046930838254
  }
}